date_logged,market_id,question,market_probability,actual_outcome,notes
2026-09-20T15:01:55.586092,tunZRdOz0P,Will Tottenham Hotspur score a goal in their next Premier League fixture?,0.679,YES,Lost 2-3 but scored twice
2026-09-21T09:03:48.290248,NUc86dCdL5,NFL Week 2: Will the Green Bay Packers beat the New York Jets by 6 or more points?,0.5643796170973557,NO,auto-detected
2026-09-21T09:03:50.642361,g688d6Uh8N,EPL: Will Manchester United beat Fulham?,0.5243757431629015,NO,auto-detected
2026-09-21T09:03:51.400415,qg2y92d8hQ,NFL Week 2: Will the Kansas City Chiefs beat Indianapolis by 7 or more points?,0.5456241676612311,NO,auto-detected
2026-09-21T09:03:53.883018,96ZuRn5LIE,NFL Week 2: Will the Chicago Bears beat the MInnesota Vikings by 3 or more points?,0.6475408253267294,NO,auto-detected
2026-09-21T09:03:54.462791,ZSluLO0LQI,NFL Week 2: Will the Philadelphia Eagles beat the Tennessee Titans by 7 or more points?,0.5696306142793212,NO,auto-detected
2026-09-21T09:03:54.895526,N6NEchzhZI,Will any NFL game go to overtime this week?,0.6654137781477674,YES,auto-detected
2026-09-21T09:04:02.171481,0ql8Qq2dO0,NFL Week 2: Will the Green Bay Packers beat the New York Jets by 4 or more points?,0.5433583120562391,NO,auto-detected
2026-09-22T09:03:22.134965,tQSA6SdL9Q,NFL Week 2: Will the Los Angeles Rams beat the New York Giants by 7 or more points?,0.51,YES,auto-detected
2026-09-22T09:03:30.958937,qhP9dZQP0E,Will any game during Week 2 of the 2026 NFL season end in a scorigami?,0.010000000000000016,NO,auto-detected
2026-09-25T09:04:18.430971,cy80CQEUOq,NFL Week 3: Will the Green Bay Packers beat the Atlanta Falcons by 6 or more points?,0.49000000000000005,NO,auto-detected
2026-09-27T09:03:10.439795,zCntQlC2qR,Will Trent-Alexander Arnold start against Spain on 26 September 2026?,0.7362920798067604,NO,auto-detected
2026-09-28T09:05:30.531965,6cSNAZhUt9,NFL Week 3: Will the Cincinnati Bengals beat the Pittsburgh Steelers by at least 4 points?,0.47,NO,auto-detected
2026-09-28T09:05:33.335654,Cyc5hZNCc8,NFL Week 3: Will the total combined score of the Chargers vs. Buffalo Bills game be OVER 51.5 points?,0.45248868778280543,NO,auto-detected
2026-09-28T09:05:34.710458,6nRPEAS9AL,NFL Week 3: Will the Jacksonville Jaguars beat the New England Patriots by at least 4 points?,0.42,YES,auto-detected
2026-09-28T09:05:35.117273,EURNs8lnNl,NFL Week 3: Will the total combined score of the Ravens vs. Cowboys game be OVER 52.5 points?,0.49171082331119936,YES,auto-detected
2026-09-28T09:05:44.230930,RORyzP5LdS,NFL Week 3: Will the New York Giants beat the Tennessee Titans by at least 7 points?,0.34000000000000014,NO,auto-detected
2026-09-29T09:05:37.570262,5nILEnzSSd,Will there be a Scorigami in week 3 of the 2025-26 NFL season?,0.01000000000000003,NO,auto-detected
2026-09-29T09:05:40.493201,nQ9yZlZOzA,Will any NFL game go to overtime this week?,0.009999999999999988,NO,auto-detected
2026-09-30T09:04:33.178677,RESt2Lyncl,Will any game during Week 3 of the 2026 NFL season end in a scorigami?,0.010000000000000021,NO,auto-detected
2026-10-01T09:05:16.793745,s9LRNgAyhq,MLB: Will either the White Sox or the Astros sweep their 2026 AL Wild Card series (2–0)?,0.5064386885225495,YES,auto-detected
2026-10-02T09:05:42.319364,9RERqzynpQ,Will the NFL officially announce the 2027 Super Bowl halftime show headliner before the end of September 2026?,0.054370102584523114,NO,auto-detected
2026-10-02T09:05:48.748268,StNhQqQUQs,NFL Week 4: Will the Pittsburgh Steelers beat the Cleveland Browns by 3 or more points on Thursday Night Football?,0.5399999999999999,NO,auto-detected
2026-10-05T09:06:38.791829,EdEUlLylLp,NFL Week 4: Will the total combined score in the Los Angeles Chargers vs. Seattle Seahawks game be OVER 43.5 points?,0.4653331810789562,YES,auto-detected
2026-10-05T09:06:39.517408,lcSz5QLqlt,NFL Week 4: Will the Philadelphia Eagles defeat the Los Angeles Rams by 3 or more points in Week 4?,0.32,NO,auto-detected
2026-10-05T09:06:40.317727,8ELgZSC6yO,NFL Week 4: Will the total combined score in the New York Giants vs. Arizona Cardinals game be OVER 43.5 points?,0.5247712946794686,YES,auto-detected
2026-10-05T09:06:40.987153,LSup0uEEt8,NFL Week 4: Will the total combined score of the Colts vs. Commanders London game be OVER 46.5 points?,0.5099118644497865,NO,auto-detected
2026-10-05T09:06:45.430603,EElsp9Oy9u,NFL Week 4: Will the total combined score in the Green Bay Packers vs. Tampa Bay Buccaneers game be OVER 39.5 points?,0.49502499876243755,NO,auto-detected
2026-10-05T09:06:46.672636,O6h9gSclZd,NFL Week 4: Will the total combined score in the New England Patriots vs. Buffalo Bills game be OVER 48.5 points?,0.5500000000000003,YES,auto-detected
2026-10-05T09:06:47.763809,ICCg2scdPu,NFL Week 4: Will the total combined score in the Cincinnati Bengals vs. Jacksonville Jaguars game be OVER 50.5 points?,0.5499999999999999,NO,auto-detected
2026-10-05T09:06:52.215250,2ECZhZZLRS,NFL Week 4: Will the total combined score of the Dallas Cowboys vs. Houston Texans game be OVER 47.5 points?,0.5404585411866334,YES,auto-detected
2026-10-05T09:06:53.596050,9RE5t9hhPZ,NFL Week 4: Will the total combined score in the Denver Broncos vs. San Francisco 49ers game be OVER 46.5 points?,0.56,NO,auto-detected
2026-10-05T09:06:53.881722,5ORNudgp6s,NFL Week 4: Will the total combined score in the Miami Dolphins vs. Minnesota Vikings game be OVER 39.5 points?,0.4653331810789562,NO,auto-detected
2026-10-05T09:06:54.530666,cg65SLAZz6,NFL Week 4: Will the total combined score in the Los Angeles Rams vs.  Philadelphia Eagles game be OVER 43.5 points?,0.47,YES,auto-detected
2026-10-05T09:06:55.678381,dNPyEIqghN,NFL Week 4: Will the total combined score in the Baltimore Ravens vs. Tennessee Titans game be OVER 43.5 points?,0.44999999999999996,NO,auto-detected
2026-10-05T09:07:00.938526,puLAuq6I0s,NFL Week 4: Will the total combined score in the Kansas City Chiefs vs. Las Vegas Raiders game be OVER 47.5 points?,0.5004997500001249,YES,auto-detected
2026-10-06T09:05:37.057362,pQ8Zn2EqPz,Will there be a Scorigami in week 4 of the 2025-26 NFL season?,0.044200146016309345,NO,auto-detected
2026-10-06T09:05:40.421776,AOpzsNQLNI,Will any game of week 4 of the NFL season end in a scorigami?,0.043138827579220065,NO,auto-detected
2026-10-06T09:05:45.497485,55q9ShOg8s,NFL Week 4: Will the total combined score in the Detroit Lions vs. Carolina Panthers game be OVER 49.5 points?,0.59,YES,auto-detected
2026-10-06T09:05:45.757373,sZUClON5lS,Will any NFL game go to overtime this week?,0.03527626759357235,NO,auto-detected
2026-10-06T09:05:51.991182,CyQhzCgpzc,NFL Week 4: Will the total combined score in the Atlanta Falcons vs. New Orleans Saints game be OVER 46.5 points?,0.5499999999999999,YES,auto-detected
2026-10-10T09:03:58.964035,LsNAC292Cg,NFL Week 5: Will the total combined score in the Dallas Cowboys vs. Tampa Bay Buccaneers game be OVER 46.5 points?,0.58,NO,auto-detected
